player_id,form,total_points,bonus_points,points_per_game,selected_by_percent,threat,minutes_played,goals_scored,assists,clean_sheets,goals_conceded,yellow_cards,red_cards,games_started
1,0.0,0,0,0.0,0.3,0.0,0,0,0,0,0,0,0,0
2,0.0,0,0,0.0,0.4,0.0,0,0,0,0,0,0,0,0
3,0.0,0,0,0.0,0.1,0.0,0,0,0,0,0,0,0,0
4,2.2,16,0,3.2,0.1,58.0,185,0,3,1,2,0,0,2
5,3.5,16,0,2.7,12.7,8.0,384,0,0,2,3,1,0,4
6,2.5,15,0,2.1,1.7,86.0,446,1,0,2,4,3,0,5
8,3.5,15,2,3.0,3.8,113.0,205,1,1,1,2,1,0,2
9,0.8,5,0,1.0,0.2,0.0,72,0,0,0,2,0,0,0
10,0.0,2,0,1.0,0.1,14.0,91,0,0,0,2,0,0,1
11,0.0,0,0,0.0,0.1,0.0,0,0,0,0,0,0,0,0
12,1.5,16,0,3.2,4.5,131.0,356,0,2,1,4,0,0,5
13,2.5,28,2,4.0,5.6,151.0,493,2,2,4,4,1,0,6
14,7.0,43,6,6.1,22.3,187.0,622,3,2,3,5,1,0,7
15,0.0,6,0,2.0,0.2,15.0,235,0,0,1,2,0,0,3
16,0.0,0,0,0.0,0.1,0.0,0,0,0,0,0,0,0,0
17,0.5,11,0,2.8,11.9,0.0,360,0,0,1,4,0,0,4
18,0.0,0,0,0.0,0.1,0.0,0,0,0,0,0,0,0,0
19,8.0,53,8,7.6,58.1,290.0,613,4,3,3,6,1,0,7
20,3.8,29,2,4.1,26.8,9.0,630,0,1,3,6,0,0,7
22,0.5,2,0,1.0,0.1,36.0,10,0,0,0,0,0,0,0
24,0.0,0,0,0.0,0.1,0.0,0,0,0,0,0,0,0,0
25,0.8,7,0,1.4,0.3,9.0,151,0,0,1,1,0,1,1
26,2.8,13,3,4.3,1.8,33.0,128,1,0,1,2,0,0,1
29,6.8,36,4,5.1,9.8,54.0,630,1,1,3,6,1,0,7
30,0.0,0,0,0.0,0.0,0.0,0,0,0,0,0,0,0,0
31,4.0,18,1,3.0,5.5,32.0,347,0,0,2,4,0,0,4
113,4.0,16,2,5.3,3.2,0.0,270,0,0,2,2,0,0,3
540,4.2,24,3,3.4,4.4,70.0,575,1,0,3,5,0,0,7
578,0.8,3,0,1.0,0.1,10.0,35,0,0,0,0,0,0,0
585,0.0,0,0,0.0,0.6,0.0,49,0,0,0,0,1,0,1
646,0.0,0,0,0.0,0.0,0.0,0,0,0,0,0,0,0,0
32,0.0,0,0,0.0,0.1,0.0,0,0,0,0,0,0,0,0
34,1.8,22,3,4.4,1.1,59.0,201,2,1,1,4,1,0,2
35,0.0,0,0,0.0,0.0,0.0,0,0,0,0,0,0,0,0
36,3.0,34,4,4.9,22.2,195.0,626,2,1,2,10,2,0,7
37,0.0,0,0,0.0,1.1,0.0,0,0,0,0,0,0,0,0
38,0.0,2,0,1.0,0.2,12.0,24,0,0,0,1,0,0,0
39,0.0,0,0,0.0,0.2,0.0,0,0,0,0,0,0,0,0
40,0.5,2,0,1.0,0.0,0.0,2,0,0,0,0,0,0,0
41,0.2,4,0,1.0,0.3,45.0,160,0,0,0,4,0,0,2
42,3.0,26,2,3.7,5.3,41.0,620,0,3,2,11,4,0,7
43,5.5,32,5,4.6,2.4,79.0,579,3,0,2,11,4,0,7
44,1.8,15,3,2.5,0.3,55.0,68,2,0,0,0,2,0,0
45,0.0,0,0,0.0,0.2,0.0,0,0,0,0,0,0,0,0
46,0.0,0,0,0.0,0.0,0.0,0,0,0,0,0,0,0,0
47,1.8,15,1,2.1,0.1,11.0,595,0,0,2,11,1,0,7
48,2.8,19,1,2.7,1.0,13.0,630,0,0,2,11,1,0,7
49,2.8,20,2,3.3,6.6,0.0,540,0,0,2,10,2,0,6
50,2.8,25,2,3.6,0.6,69.0,567,1,1,2,9,1,0,7
51,0.0,0,0,0.0,2.0,5.0,30,0,0,0,2,0,0,1
53,0.0,2,0,2.0,0.8,0.0,90,0,0,0,1,0,0,1
54,0.0,1,0,1.0,0.1,2.0,3,0,0,0,1,0,0,0
55,1.8,7,0,3.5,0.1,28.0,48,1,0,0,0,0,0,0
56,0.0,0,0,0.0,0.0,0.0,0,0,0,0,0,0,0,0
57,0.0,0,0,0.0,0.0,0.0,0,0,0,0,0,0,0,0
58,1.0,7,0,1.0,0.6,12.0,136,0,0,0,3,0,0,0
59,0.0,1,0,1.0,0.0,0.0,9,0,0,0,0,0,0,0
60,9.8,54,6,7.7,21.8,283.0,590,4,6,2,11,0,0,7
61,0.0,0,0,0.0,0.0,0.0,0,0,0,0,0,0,0,0
584,3.2,21,2,3.0,2.2,19.0,599,0,0,2,9,0,0,6
599,4.5,40,2,5.7,12.5,205.0,559,2,4,2,10,0,0,7
618,0.0,0,0,0.0,0.1,0.0,0,0,0,0,0,0,0,0
670,0.0,0,0,0.0,0.0,0.0,0,0,0,0,0,0,0,0
672,1.2,6,0,1.2,0.1,91.0,228,0,0,1,2,1,0,3
686,0.0,0,0,0.0,0.1,0.0,0,0,0,0,0,0,0,0
699,0.0,0,0,0.0,0.0,0.0,0,0,0,0,0,0,0,0
62,0.0,3,0,1.0,0.1,16.0,151,0,0,0,5,1,0,2
63,2.2,15,0,2.1,0.4,96.0,600,0,0,1,14,0,0,7
64,2.2,13,2,2.2,0.1,64.0,144,1,0,0,2,1,0,1
65,3.0,17,0,2.4,0.1,93.0,524,0,1,1,12,0,0,7
66,2.2,10,0,2.0,0.0,18.0,405,0,0,1,10,0,0,4
67,0.0,0,0,0.0,0.0,0.0,0,0,0,0,0,0,0,0
68,0.0,0,0,0.0,0.0,0.0,0,0,0,0,0,0,0,0
69,0.0,1,0,1.0,0.2,0.0,15,0,0,0,0,0,0,0
70,2.2,10,2,2.5,0.0,2.0,276,0,0,1,5,1,0,3
71,0.0,0,0,0.0,0.1,0.0,0,0,0,0,0,0,0,0
72,1.5,9,0,1.3,0.2,56.0,334,0,0,0,7,0,0,4
73,0.0,0,0,0.0,0.0,0.0,0,0,0,0,0,0,0,0
74,0.0,0,0,0.0,0.0,0.0,0,0,0,0,0,0,0,0
75,0.2,1,0,0.5,0.1,0.0,33,0,0,0,1,1,0,0
76,0.0,3,0,1.0,0.3,17.0,54,0,0,0,0,0,0,0
77,3.2,27,5,3.9,1.6,0.0,630,0,0,1,15,2,0,7
78,1.2,5,0,1.7,0.0,60.0,120,0,0,1,2,0,0,1
79,0.0,0,0,0.0,0.0,0.0,0,0,0,0,0,0,0,0
80,0.0,0,0,0.0,0.5,0.0,0,0,0,0,0,0,0,0
81,0.2,6,0,1.5,0.0,3.0,225,0,0,0,6,0,0,3
82,0.8,15,1,2.5,3.0,106.0,254,1,1,0,8,1,0,3
83,1.2,7,0,1.2,0.1,0.0,345,0,1,0,10,1,0,4
84,0.2,1,0,1.0,0.0,0.0,7,0,0,0,1,0,0,0
85,4.2,31,2,4.4,2.2,235.0,630,3,1,1,15,0,0,7
86,2.5,10,0,2.5,0.0,30.0,211,0,1,1,6,0,0,3
87,0.2,3,0,1.0,0.0,30.0,44,0,0,0,1,0,0,0
88,0.0,0,0,0.0,0.1,0.0,0,0,0,0,0,0,0,0
89,1.8,11,0,1.6,0.1,8.0,630,0,0,1,15,1,0,7
595,1.5,10,0,1.4,0.2,16.0,605,0,0,1,14,1,0,7
607,0.0,0,0,0.0,0.1,0.0,0,0,0,0,0,0,0,0
619,0.0,0,0,0.0,0.2,0.0,0,0,0,0,0,0,0,0
643,1.8,11,0,1.6,0.2,14.0,614,0,0,1,15,1,0,7
644,0.0,0,0,0.0,0.0,0.0,0,0,0,0,0,0,0,0
673,0.0,0,0,0.0,0.0,0.0,0,0,0,0,0,0,0,0
705,0.7,2,0,1.0,0.0,8.0,48,0,0,0,1,0,0,0
90,0.8,8,0,1.6,0.3,71.0,210,0,1,0,5,0,0,2
91,0.0,0,0,0.0,0.2,0.0,0,0,0,0,0,0,0,0
92,0.0,1,0,1.0,1.1,0.0,18,0,0,0,0,0,0,0
93,0.0,0,0,0.0,0.1,0.0,0,0,0,0,0,0,0,0
94,0.0,0,0,0.0,0.0,0.0,0,0,0,0,0,0,0,0
95,0.0,0,0,0.0,0.0,0.0,0,0,0,0,0,0,0,0
96,2.0,17,0,2.4,0.5,31.0,549,0,1,1,8,1,0,6
97,0.0,0,0,0.0,0.0,0.0,0,0,0,0,0,0,0,0
98,0.0,2,0,1.0,0.0,17.0,52,0,0,0,0,0,0,0
99,0.0,1,0,1.0,0.0,2.0,9,0,0,0,0,0,0,0
100,0.0,0,0,0.0,0.0,0.0,0,0,0,0,0,0,0,0
101,1.8,19,1,2.7,3.5,0.0,630,0,0,1,10,1,0,7
102,0.0,0,0,0.0,0.1,0.0,0,0,0,0,0,0,0,0
103,0.5,13,0,2.6,2.3,17.0,401,0,1,1,5,1,0,5
104,1.0,11,0,1.6,0.4,33.0,540,0,0,1,10,4,0,7
105,2.8,18,0,2.6,0.1,62.0,560,0,1,1,7,0,0,7
106,6.5,36,6,5.1,1.3,53.0,537,2,2,2,9,1,0,7
107,1.5,8,0,1.3,0.0,58.0,218,0,0,0,5,0,0,2
108,3.2,38,4,5.4,26.8,213.0,630,4,0,1,10,1,0,7
109,0.8,3,0,1.5,1.9,4.0,151,0,0,0,3,0,0,2
110,3.5,24,2,3.4,0.2,89.0,580,1,1,1,10,1,0,7
111,0.8,4,0,0.8,0.0,30.0,104,0,0,0,4,1,0,0
112,1.5,16,1,2.3,1.9,63.0,630,0,0,1,10,0,0,7
114,1.0,6,0,1.2,0.1,2.0,139,0,0,0,2,0,0,1
115,1.5,19,2,3.8,0.1,62.0,255,1,1,1,2,0,0,3
116,0.0,0,0,0.0,0.6,0.0,0,0,0,0,0,0,0,0
117,0.0,0,0,0.0,0.1,0.0,0,0,0,0,0,0,0,0
118,0.0,0,0,0.0,0.0,0.0,0,0,0,0,0,0,0,0
119,1.8,29,5,4.1,11.0,217.0,599,2,1,1,10,1,0,7
120,0.0,0,0,0.0,0.7,0.0,0,0,0,0,0,0,0,0
121,0.0,1,0,1.0,0.1,0.0,6,0,0,0,0,0,0,0
258,0.5,5,0,1.2,0.7,132.0,143,0,0,1,2,0,0,1
620,0.8,3,0,1.0,0.0,18.0,10,0,0,0,0,0,0,0
684,0.0,0,0,0.0,0.0,0.0,0,0,0,0,0,0,0,0
701,0.2,1,0,0.5,0.0,0.0,38,0,0,0,0,1,0,0
122,2.2,16,0,2.7,0.3,63.0,234,1,1,0,7,0,0,2
123,0.0,0,0,0.0,0.1,0.0,0,0,0,0,0,0,0,0
124,0.0,0,0,0.0,0.0,0.0,0,0,0,0,0,0,0,0
125,0.2,1,0,1.0,0.0,7.0,45,0,0,0,1,0,0,1
127,0.0,0,0,0.0,0.0,0.0,0,0,0,0,0,0,0,0
128,1.8,11,0,2.2,0.1,9.0,244,0,1,1,3,1,0,3
129,0.8,8,0,1.1,3.5,76.0,630,0,0,0,14,2,0,7
130,0.0,8,0,4.0,0.7,30.0,68,0,2,0,1,1,0,1
131,1.5,25,5,4.2,59.8,110.0,495,1,3,0,10,2,0,6
132,5.0,28,3,4.0,7.6,189.0,300,4,0,1,8,0,0,4
133,5.0,24,4,3.4,0.6,23.0,434,0,3,1,11,1,0,5
134,3.2,26,6,5.2,1.7,104.0,438,2,0,1,6,1,0,5
135,3.5,22,3,3.1,10.6,155.0,324,2,1,1,7,1,0,2
136,0.0,0,0,0.0,0.0,0.0,0,0,0,0,0,0,0,0
137,0.0,0,0,0.0,0.0,0.0,0,0,0,0,0,0,0,0
138,0.8,5,0,1.2,0.1,10.0,111,0,0,1,2,1,0,1
139,2.0,8,0,2.0,7.5,7.0,137,0,2,0,5,2,0,1
140,1.2,31,4,6.2,6.9,127.0,375,3,0,2,7,0,0,5
141,0.0,0,0,0.0,0.2,0.0,0,0,0,0,0,0,0,0
142,0.2,6,0,1.2,0.1,2.0,227,0,0,1,4,2,0,3
143,5.5,40,6,5.7,43.4,246.0,575,3,3,0,13,3,0,6
144,0.0,0,0,0.0,0.1,0.0,0,0,0,0,0,0,0,0
146,0.0,0,0,0.0,0.0,0.0,0,0,0,0,0,0,0,0
147,0.0,0,0,0.0,0.0,0.0,0,0,0,0,0,0,0,0
148,0.8,8,0,2.0,3.2,0.0,360,0,0,0,9,0,0,4
149,0.0,0,0,0.0,0.0,0.0,0,0,0,0,0,0,0,0
150,0.8,5,0,1.7,1.8,17.0,270,0,0,0,3,1,0,3
151,1.0,10,0,1.4,0.8,21.0,422,0,1,0,11,1,0,4
152,1.0,6,0,2.0,0.4,0.0,270,0,0,0,5,0,0,3
153,0.2,3,0,0.8,0.2,8.0,360,0,0,0,11,1,0,4
154,2.2,13,1,2.2,1.1,84.0,362,1,0,2,6,1,0,6
155,0.0,0,0,0.0,0.7,0.0,0,0,0,0,0,0,0,0
606,0.0,0,0,0.0,0.1,0.0,0,0,0,0,0,0,0,0
621,0.5,2,0,2.0,0.0,2.0,85,0,0,0,5,0,0,1
690,0.5,2,0,1.0,0.0,0.0,20,0,0,0,1,0,0,0
700,1.8,7,0,2.3,0.5,92.0,116,1,0,0,4,1,0,0
156,0.0,0,0,0.0,0.1,0.0,0,0,0,0,0,0,0,0
157,1.0,7,0,1.2,0.8,34.0,540,0,0,0,15,0,0,6
158,0.0,0,0,0.0,0.0,0.0,0,0,0,0,0,0,0,0
159,0.2,3,0,1.0,0.1,22.0,65,0,0,0,3,0,0,1
160,0.6,4,1,0.8,2.8,0.0,413,0,0,0,11,3,0,5
161,2.2,12,0,2.4,0.2,38.0,311,1,0,0,7,1,0,3
162,0.0,0,0,0.0,0.0,0.0,0,0,0,0,0,0,0,0
163,0.2,1,0,1.0,0.0,2.0,16,0,0,0,0,0,0,0
164,0.0,0,0,0.0,0.0,0.0,0,0,0,0,0,0,0,0
165,2.0,13,0,2.2,0.1,10.0,540,0,1,0,15,2,0,6
166,0.0,0,0,0.0,0.2,0.0,0,0,0,0,0,0,0,0
167,0.0,0,0,0.0,0.1,0.0,0,0,0,0,0,0,0,0
168,1.6,17,1,4.2,0.6,96.0,350,2,1,0,12,0,1,4
169,0.0,0,0,0.0,0.1,0.0,0,0,0,0,0,0,0,0
170,0.6,7,0,1.8,0.0,6.0,171,0,1,0,4,1,0,3
171,0.0,0,0,0.0,0.0,0.0,0,0,0,0,0,0,0,0
172,0.0,0,0,0.0,0.2,0.0,0,0,0,0,0,0,0,0
173,0.0,2,0,0.7,0.2,11.0,270,0,0,0,11,0,0,3
174,0.0,0,0,0.0,0.0,0.0,0,0,0,0,0,0,0,0
175,0.0,0,0,0.0,0.0,0.0,0,0,0,0,0,0,0,0
176,0.8,6,0,1.0,0.3,6.0,537,0,0,0,15,1,0,6
177,0.4,3,0,1.0,0.2,10.0,58,0,0,0,1,0,0,0
178,0.8,4,0,1.3,1.5,3.0,270,0,0,0,4,1,0,3
179,0.0,0,0,0.0,0.0,0.0,0,0,0,0,0,0,0,0
180,0.0,0,0,0.0,0.0,0.0,0,0,0,0,0,0,0,0
181,0.0,0,0,0.0,0.2,0.0,0,0,0,0,0,0,0,0
182,0.2,2,0,1.0,0.1,9.0,92,0,0,0,3,0,0,1
183,0.0,0,0,0.0,0.0,0.0,0,0,0,0,0,0,0,0
184,0.4,0,0,0.0,0.0,8.0,59,0,0,0,1,0,1,0
475,1.0,8,0,1.3,0.1,31.0,332,0,0,0,10,1,0,4
594,2.2,15,2,2.5,0.4,94.0,391,1,0,0,11,1,0,6
596,1.8,13,0,2.2,1.0,0.0,540,0,0,0,15,1,0,6
600,0.2,3,0,1.0,0.0,4.0,53,0,0,0,2,0,0,0
605,2.0,14,0,2.3,0.2,51.0,398,0,1,0,13,0,0,6
608,0.6,5,0,1.0,0.0,65.0,109,0,0,0,2,0,0,0
622,0.0,0,0,0.0,0.0,0.0,0,0,0,0,0,0,0,0
660,0.2,1,0,1.0,0.0,7.0,23,0,0,0,1,0,0,0
674,0.0,1,0,0.3,0.0,42.0,138,0,0,0,6,1,0,1
675,0.8,5,0,1.7,0.0,18.0,160,0,0,0,2,0,0,2
694,0.0,0,0,0.0,0.0,0.0,0,0,0,0,0,0,0,0
706,0.8,3,0,1.5,0.0,4.0,84,0,0,0,1,0,0,0
126,1.0,8,0,2.0,1.6,12.0,273,0,0,1,3,0,0,3
145,4.0,26,3,4.3,6.4,0.0,540,0,0,2,6,0,0,6
185,0.0,0,0,0.0,0.0,0.0,0,0,0,0,0,0,0,0
187,0.0,0,0,0.0,0.2,0.0,0,0,0,0,0,0,0,0
188,0.0,0,0,0.0,0.0,0.0,0,0,0,0,0,0,0,0
189,0.0,0,0,0.0,0.0,0.0,0,0,0,0,0,0,0,0
190,0.0,0,0,0.0,0.0,0.0,0,0,0,0,0,0,0,0
191,0.0,0,0,0.0,0.0,0.0,0,0,0,0,0,0,0,0
192,0.0,0,0,0.0,0.0,0.0,0,0,0,0,0,0,0,0
193,0.2,1,0,1.0,0.1,7.0,11,0,0,0,0,0,0,0
194,0.0,0,0,0.0,0.1,0.0,0,0,0,0,0,0,0,0
195,0.2,15,2,2.5,13.5,88.0,334,0,1,1,5,3,0,4
196,0.0,6,0,3.0,1.2,39.0,125,1,0,0,2,2,0,2
197,2.5,19,0,3.2,4.0,93.0,529,0,0,2,6,0,0,6
198,0.0,0,0,0.0,0.4,0.0,0,0,0,0,0,0,0,0
199,2.0,11,0,1.8,3.4,76.0,507,0,0,3,5,2,0,6
200,0.0,0,0,0.0,0.0,0.0,0,0,0,0,0,0,0,0
201,0.0,0,0,0.0,0.0,0.0,0,0,0,0,0,0,0,0
202,1.5,13,0,2.2,0.4,61.0,495,0,0,2,5,1,0,6
203,1.5,22,2,3.7,9.7,27.0,409,0,2,2,4,0,1,5
206,0.0,2,0,2.0,3.4,3.0,75,0,0,0,1,0,0,1
207,0.0,0,0,0.0,0.3,0.0,0,0,0,0,0,0,0,0
208,0.2,2,0,1.0,0.1,26.0,43,0,0,0,1,0,0,0
210,1.5,8,0,1.6,0.8,38.0,189,0,0,2,2,1,0,2
211,0.8,12,1,2.0,5.8,234.0,509,1,0,3,5,5,0,6
212,0.0,0,0,0.0,0.6,0.0,0,0,0,0,0,0,0,0
213,0.0,0,0,0.0,0.0,0.0,0,0,0,0,0,0,0,0
214,0.0,0,0,0.0,0.1,0.0,0,0,0,0,0,0,0,0
215,0.0,0,0,0.0,0.0,0.0,0,0,0,0,0,0,0,0
216,1.5,29,3,4.8,11.2,251.0,530,2,1,2,6,1,0,6
217,2.5,19,0,3.2,3.6,32.0,540,0,0,2,6,0,0,6
218,0.0,0,0,0.0,0.1,0.0,0,0,0,0,0,0,0,0
362,0.8,4,0,1.0,0.3,30.0,87,0,0,0,1,0,0,0
589,0.0,0,0,0.0,0.0,0.0,0,0,0,0,0,0,0,0
609,0.5,3,0,0.8,0.1,9.0,35,0,0,0,0,1,0,0
611,2.2,26,3,4.3,6.7,70.0,540,1,0,2,6,2,0,6
613,1.0,6,0,1.5,0.3,2.0,120,0,0,1,1,0,0,1
623,0.0,2,0,1.0,0.1,2.0,8,0,0,0,1,0,0,0
659,0.0,0,0,0.0,0.0,0.0,0,0,0,0,0,0,0,0
667,0.0,0,0,0.0,0.0,0.0,0,0,0,0,0,0,0,0
671,0.0,0,0,0.0,0.0,0.0,0,0,0,0,0,0,0,0
677,0.0,0,0,0.0,0.1,0.0,0,0,0,0,0,0,0,0
680,0.0,0,0,0.0,0.0,0.0,0,0,0,0,0,0,0,0
681,0.0,0,0,0.0,0.0,0.0,0,0,0,0,0,0,0,0
687,0.0,0,0,0.0,0.0,0.0,0,0,0,0,0,0,0,0
716,0.0,0,0,0.0,0.0,0.0,0,0,0,0,0,0,0,0
717,0.0,0,0,0.0,0.0,0.0,0,0,0,0,0,0,0,0
718,0.0,0,0,0.0,0.0,0.0,0,0,0,0,0,0,0,0
7,0.0,0,0,0.0,0.2,0.0,0,0,0,0,0,0,0,0
219,0.2,3,0,1.0,0.1,0.0,36,0,0,0,2,0,0,0
220,5.8,45,9,6.4,10.4,102.0,630,2,0,3,7,0,0,7
221,2.0,20,0,2.9,0.4,138.0,564,0,2,3,4,2,0,7
222,0.0,0,0,0.0,0.1,0.0,0,0,0,0,0,0,0,0
223,2.2,15,0,2.1,0.1,21.0,630,0,0,3,6,2,0,7
224,0.0,0,0,0.0,0.0,0.0,0,0,0,0,0,0,0,0
225,5.8,34,6,5.7,4.1,276.0,518,4,0,2,4,0,0,6
226,4.5,25,1,3.6,7.6,184.0,627,1,1,3,7,1,0,7
227,0.0,0,0,0.0,0.4,0.0,0,0,0,0,0,0,0,0
228,4.0,26,3,4.3,1.5,8.0,540,0,0,3,4,0,0,6
229,1.8,7,0,1.8,0.0,20.0,271,0,0,2,4,2,0,3
230,4.8,29,3,4.1,1.9,0.0,630,0,0,3,7,0,0,7
231,0.5,9,0,2.2,0.1,54.0,360,0,0,1,4,0,0,4
232,3.8,16,0,3.2,0.6,23.0,213,0,3,1,4,0,0,1
233,0.0,0,0,0.0,0.1,0.0,0,0,0,0,0,0,0,0
234,4.0,28,2,4.0,1.2,18.0,630,0,1,3,7,1,0,7
235,0.0,0,0,0.0,0.1,0.0,0,0,0,0,0,0,0,0
236,0.0,0,0,0.0,0.1,0.0,0,0,0,0,0,0,0,0
237,0.0,0,0,0.0,0.0,0.0,0,0,0,0,0,0,0,0
238,0.5,2,0,1.0,0.5,0.0,92,0,0,0,3,0,0,1
239,0.2,1,0,1.0,0.1,2.0,12,0,0,0,0,0,0,0
240,2.5,17,0,2.4,0.1,91.0,539,0,0,3,6,0,0,7
241,0.0,1,0,1.0,0.6,0.0,1,0,0,0,0,0,0,0
242,2.8,21,0,3.0,0.3,13.0,622,0,0,3,7,3,0,7
243,0.0,0,0,0.0,1.2,0.0,0,0,0,0,0,0,0,0
385,0.0,0,0,0.0,0.3,0.0,0,0,0,0,0,0,0,0
615,0.0,0,0,0.0,0.0,0.0,0,0,0,0,0,0,0,0
657,0.5,3,0,1.0,0.0,15.0,9,0,0,0,1,0,0,0
658,0.0,0,0,0.0,0.1,0.0,0,0,0,0,0,0,0,0
720,0.0,0,0,0.0,0.0,0.0,0,0,0,0,0,0,0,0
721,0.0,0,0,0.0,0.0,0.0,0,0,0,0,0,0,0,0
244,0.0,0,0,0.0,0.2,0.0,0,0,0,0,0,0,0,0
245,1.0,5,0,1.0,0.6,32.0,450,0,0,0,7,3,0,5
246,3.0,13,0,3.2,1.1,99.0,178,2,0,0,5,0,0,2
247,0.0,0,0,0.0,0.0,0.0,0,0,0,0,0,0,0,0
248,0.0,0,0,0.0,0.0,0.0,0,0,0,0,0,0,0,0
249,5.2,27,2,3.9,0.9,233.0,588,2,1,0,12,1,0,7
250,3.0,17,2,2.4,0.1,55.0,526,0,1,0,11,1,0,6
251,0.0,0,0,0.0,0.0,0.0,0,0,0,0,0,0,0,0
252,0.2,1,0,1.0,0.1,0.0,1,0,0,0,0,0,0,0
253,0.0,0,0,0.0,0.1,0.0,0,0,0,0,0,0,0,0
254,1.8,11,0,1.6,0.0,25.0,540,0,0,0,10,1,0,7
255,0.0,0,0,0.0,0.7,0.0,0,0,0,0,0,0,0,0
257,0.0,2,0,0.7,0.2,38.0,181,0,0,0,5,1,0,2
259,2.5,10,0,2.5,0.1,33.0,275,0,1,0,4,0,0,3
260,1.5,6,1,2.0,0.2,26.0,270,0,0,0,4,0,0,3
261,2.0,14,0,2.0,0.2,78.0,616,0,0,0,12,0,0,7
262,2.0,11,2,1.8,0.2,18.0,375,0,1,0,8,1,0,4
263,1.8,11,0,1.6,9.2,0.0,630,0,0,0,12,1,0,7
264,0.0,0,0,0.0,0.0,0.0,0,0,0,0,0,0,0,0
265,4.5,22,3,3.1,3.2,74.0,630,1,1,0,12,0,0,7
266,0.0,0,0,0.0,0.7,0.0,0,0,0,0,0,0,0,0
579,0.0,0,0,0.0,0.1,0.0,0,0,0,0,0,0,0,0
588,1.0,8,0,1.1,0.5,11.0,613,0,0,0,12,2,0,7
601,2.8,15,0,2.1,0.3,172.0,359,1,0,0,7,0,0,3
624,0.0,5,0,1.7,0.1,25.0,117,0,0,1,2,0,0,1
645,0.2,1,0,0.5,0.0,7.0,26,0,0,0,1,1,0,0
649,0.0,1,0,1.0,0.0,0.0,1,0,0,0,0,0,0,0
650,0.0,1,0,1.0,0.0,0.0,1,0,0,0,0,0,0,0
661,0.2,1,0,1.0,0.0,2.0,45,0,0,0,0,0,0,0
691,1.8,7,0,1.8,0.3,73.0,247,0,0,1,3,0,0,3
719,0.0,0,0,0.0,0.0,0.0,0,0,0,0,0,0,0,0
256,0.5,5,0,1.2,0.3,56.0,183,0,0,0,3,0,0,2
267,1.8,21,0,3.5,1.1,42.0,405,1,1,3,7,1,0,5
268,0.5,4,0,1.0,0.0,5.0,108,0,0,0,2,0,0,2
269,0.0,0,0,0.0,0.0,0.0,0,0,0,0,0,0,0,0
270,2.0,18,0,3.0,0.2,96.0,359,1,1,1,8,1,0,4
271,2.5,20,2,3.3,0.9,8.0,540,0,0,3,10,2,0,6
272,0.0,0,0,0.0,0.0,0.0,0,0,0,0,0,0,0,0
273,0.0,0,0,0.0,0.0,0.0,0,0,0,0,0,0,0,0
274,0.0,0,0,0.0,0.1,0.0,0,0,0,0,0,0,0,0
275,4.0,35,8,5.8,15.3,0.0,540,0,0,3,10,0,0,6
276,0.0,6,0,2.0,0.4,9.0,250,0,0,1,4,1,0,3
277,0.0,0,0,0.0,0.3,0.0,0,0,0,0,0,0,0,0
278,0.0,1,0,1.0,0.8,26.0,32,0,0,0,0,0,0,0
279,0.2,2,0,1.0,0.6,4.0,13,0,0,0,2,0,0,0
280,1.2,15,3,3.8,0.4,31.0,293,1,0,2,3,2,0,3
281,5.0,25,4,5.0,2.0,41.0,423,1,0,3,8,1,1,5
282,2.0,16,0,2.7,0.6,9.0,417,0,1,3,8,1,0,5
283,1.5,14,1,2.8,0.6,6.0,450,0,0,2,10,1,0,5
284,0.0,-1,0,0.0,0.3,0.0,0,0,0,0,0,1,0,0
285,1.5,12,0,2.4,0.5,13.0,427,0,0,2,8,2,0,5
286,0.0,1,0,1.0,0.0,0.0,1,0,0,0,0,0,0,0
287,2.0,8,2,4.0,2.0,35.0,39,1,0,0,0,0,0,0
288,1.5,13,0,2.2,0.2,52.0,421,0,0,2,8,0,0,5
558,1.5,10,0,1.7,0.8,93.0,451,0,0,2,8,1,0,6
591,2.5,11,0,2.2,0.3,36.0,264,0,1,2,2,1,0,3
610,0.2,0,0,0.0,0.2,0.0,106,0,0,0,3,0,1,1
625,0.0,0,0,0.0,0.1,0.0,0,0,0,0,0,0,0,0
651,0.0,0,0,0.0,0.0,0.0,0,0,0,0,0,0,0,0
652,0.0,0,0,0.0,0.0,0.0,0,0,0,0,0,0,0,0
662,0.2,3,0,1.0,0.0,21.0,32,0,0,0,3,0,0,0
683,0.5,2,0,2.0,0.0,17.0,74,0,0,0,5,0,0,0
688,3.8,15,3,5.0,0.4,31.0,197,0,0,2,1,1,0,2
692,0.0,0,0,0.0,0.0,0.0,0,0,0,0,0,0,0,0
707,0.0,0,0,0.0,0.0,0.0,0,0,0,0,0,0,0,0
289,0.0,0,0,0.0,0.3,0.0,0,0,0,0,0,0,0,0
290,3.2,17,3,3.4,8.0,42.0,342,0,1,1,4,2,0,4
291,4.2,27,3,3.9,10.9,0.0,630,0,0,1,7,1,0,7
292,0.0,0,0,0.0,0.0,0.0,0,0,0,0,0,0,0,0
293,3.8,28,3,4.7,12.5,144.0,219,3,2,1,1,1,0,2
294,1.5,23,2,3.3,1.8,164.0,284,2,2,0,4,1,1,3
295,1.0,7,0,1.4,0.2,17.0,119,0,1,0,0,1,0,0
296,0.0,0,0,0.0,0.0,0.0,0,0,0,0,0,0,0,0
297,3.8,20,3,2.9,3.0,131.0,318,2,0,0,5,0,0,5
298,3.0,14,0,2.3,0.5,18.0,413,0,0,1,3,0,0,4
299,0.0,0,0,0.0,0.0,0.0,0,0,0,0,0,0,0,0
300,1.0,5,0,1.0,0.1,20.0,278,0,0,1,4,1,1,4
301,0.0,0,0,0.0,0.3,0.0,0,0,0,0,0,0,0,0
302,0.5,6,0,1.5,1.2,6.0,204,0,0,0,3,0,0,2
303,2.0,24,1,3.4,9.4,153.0,454,2,0,1,5,0,0,6
304,2.5,11,1,1.6,4.2,2.0,520,0,1,1,6,3,1,7
305,2.2,11,0,2.2,0.5,20.0,436,0,0,1,5,0,0,5
306,0.0,0,0,0.0,0.1,0.0,0,0,0,0,0,0,0,0
307,4.8,25,3,3.6,6.8,44.0,630,1,0,1,7,1,0,7
308,7.2,44,5,6.3,31.7,301.0,594,3,4,1,6,1,0,7
309,4.0,25,2,3.6,5.4,81.0,630,1,1,1,7,0,0,7
310,0.0,0,0,0.0,0.1,0.0,0,0,0,0,0,0,0,0
311,0.0,1,0,1.0,0.1,0.0,4,0,0,0,0,0,0,0
312,0.0,0,0,0.0,0.0,0.0,0,0,0,0,0,0,0,0
313,2.5,12,2,2.4,6.5,51.0,387,0,2,0,6,1,1,5
626,0.8,4,0,1.3,0.1,0.0,114,0,0,0,1,0,0,1
627,0.0,0,0,0.0,0.0,0.0,0,0,0,0,0,0,0,0
628,0.0,1,0,1.0,0.1,0.0,13,0,0,0,0,0,0,0
629,0.0,0,0,0.0,0.0,0.0,0,0,0,0,0,0,0,0
668,0.8,5,0,1.0,0.1,0.0,106,0,0,0,2,0,0,1
708,1.0,3,0,1.0,0.0,10.0,24,0,0,0,1,0,0,0
21,0.6,3,0,1.5,0.0,11.0,130,0,0,0,2,0,0,2
52,1.5,10,0,1.7,1.2,10.0,540,0,0,0,12,2,0,6
314,0.8,9,0,1.5,0.6,31.0,234,0,0,0,4,0,0,3
315,0.8,12,1,2.4,2.0,27.0,313,1,0,0,5,1,0,3
316,1.5,8,0,1.3,6.0,33.0,540,0,0,0,12,0,0,6
317,0.0,1,0,1.0,0.0,0.0,2,0,0,0,1,0,0,0
318,1.2,7,0,1.4,0.1,28.0,382,0,0,0,8,0,0,5
319,0.0,0,0,0.0,0.0,0.0,0,0,0,0,0,0,0,0
320,0.0,0,0,0.0,0.0,0.0,0,0,0,0,0,0,0,0
321,3.0,15,4,2.5,0.2,34.0,292,0,1,0,7,0,0,3
322,0.0,0,0,0.0,0.0,0.0,0,0,0,0,0,0,0,0
323,0.0,0,0,0.0,0.4,0.0,0,0,0,0,0,0,0,0
324,0.0,0,0,0.0,1.0,0.0,0,0,0,0,0,0,0,0
325,0.0,0,0,0.0,0.0,0.0,0,0,0,0,0,0,0,0
326,4.8,34,7,5.7,8.3,175.0,510,3,1,0,12,0,0,6
327,0.0,0,0,0.0,0.1,0.0,0,0,0,0,0,0,0,0
328,1.2,8,0,1.3,0.1,45.0,235,0,0,0,5,0,0,2
329,0.0,0,0,0.0,0.0,0.0,0,0,0,0,0,0,0,0
330,0.0,0,0,0.0,0.0,0.0,0,0,0,0,0,0,0,0
331,0.0,0,0,0.0,0.1,0.0,0,0,0,0,0,0,0,0
332,0.0,0,0,0.0,0.1,0.0,0,0,0,0,0,0,0,0
333,0.0,0,0,0.0,0.1,0.0,0,0,0,0,0,0,0,0
334,0.0,0,0,0.0,0.0,0.0,0,0,0,0,0,0,0,0
335,0.0,0,0,0.0,0.1,0.0,0,0,0,0,0,0,0,0
336,0.0,0,0,0.0,0.1,0.0,0,0,0,0,0,0,0,0
337,0.0,0,0,0.0,0.0,0.0,0,0,0,0,0,0,0,0
338,0.0,0,0,0.0,0.0,0.0,0,0,0,0,0,0,0,0
339,0.0,0,0,0.0,0.2,0.0,0,0,0,0,0,0,0,0
340,0.8,5,0,1.0,0.9,20.0,42,0,0,0,2,0,0,0
393,0.2,1,0,1.0,0.7,0.0,34,0,0,0,0,0,0,0
553,0.2,4,0,1.0,0.2,17.0,268,0,0,0,8,0,0,3
575,3.0,12,1,2.4,0.2,49.0,415,1,0,0,10,1,0,5
582,1.0,8,0,1.3,0.0,30.0,257,0,0,0,5,0,0,2
586,0.2,7,0,1.8,0.1,34.0,320,0,0,0,8,1,0,4
602,2.0,11,0,1.8,7.2,23.0,415,0,1,0,7,2,0,5
614,1.5,12,1,2.0,0.3,0.0,540,0,0,0,12,1,0,6
630,0.0,4,0,2.0,0.1,17.0,146,0,0,0,4,0,0,2
631,1.5,11,0,1.8,0.2,83.0,299,0,1,0,8,1,0,3
648,0.0,0,0,0.0,0.0,0.0,0,0,0,0,0,0,0,0
665,0.0,0,0,0.0,0.0,0.0,0,0,0,0,0,0,0,0
682,0.0,0,0,0.0,0.0,0.0,0,0,0,0,0,0,0,0
341,2.5,23,1,3.8,8.1,24.0,540,0,0,3,4,1,0,6
342,2.8,20,1,3.3,6.7,85.0,371,1,0,1,4,0,0,4
343,8.0,46,8,6.6,32.0,191.0,595,3,5,2,5,2,0,7
344,3.2,18,3,4.5,1.2,45.0,284,1,1,1,2,1,0,3
345,1.5,6,0,2.0,0.0,2.0,47,0,1,0,1,0,0,0
346,0.0,0,0,0.0,1.2,0.0,0,0,0,0,0,0,0,0
347,0.0,0,0,0.0,0.1,0.0,0,0,0,0,0,0,0,0
348,0.0,0,0,0.0,0.0,0.0,0,0,0,0,0,0,0,0
349,0.0,1,0,1.0,1.7,1.0,22,0,0,0,0,0,0,1
350,2.2,18,1,3.0,8.6,67.0,540,0,0,2,5,0,0,6
352,3.0,26,0,3.7,20.5,0.0,630,0,0,3,5,1,0,7
353,5.0,36,6,5.1,13.7,155.0,515,1,3,3,4,0,0,6
354,0.2,11,2,2.8,1.9,60.0,193,0,1,1,1,1,0,2
355,8.5,53,6,7.6,91.9,416.0,619,8,1,3,5,0,0,7
356,0.8,11,0,2.2,0.5,20.0,389,0,0,2,3,1,0,4
357,0.0,1,0,1.0,0.1,17.0,11,0,0,0,0,0,0,0
358,0.5,8,0,2.7,0.3,2.0,80,0,0,1,0,0,0,1
359,0.0,0,0,0.0,0.0,0.0,0,0,0,0,0,0,0,0
361,0.0,0,0,0.0,0.7,0.0,0,0,0,0,0,0,0,0
363,0.0,0,0,0.0,0.0,0.0,0,0,0,0,0,0,0,0
364,0.8,3,0,1.0,0.0,6.0,70,0,0,0,1,0,0,0
365,0.0,26,5,4.3,6.8,140.0,480,2,1,2,3,2,1,6
366,1.2,5,0,2.5,1.2,4.0,15,0,1,0,0,0,0,0
367,0.0,0,0,0.0,0.2,0.0,0,0,0,0,0,0,0,0
368,0.0,0,0,0.0,3.3,0.0,0,0,0,0,0,0,0,0
369,3.8,29,2,4.1,16.5,34.0,630,0,1,3,5,1,0,7
566,2.0,9,0,1.8,0.2,22.0,338,0,1,1,6,0,1,4
616,2.0,17,1,3.4,5.2,17.0,371,0,0,2,2,1,0,4
678,3.2,13,2,3.2,1.7,106.0,305,1,0,0,4,1,0,4
209,0.2,6,0,2.0,1.0,19.0,227,0,0,1,3,1,0,3
370,0.0,0,0,0.0,0.0,0.0,0,0,0,0,0,0,0,0
371,0.0,0,0,0.0,0.0,0.0,0,0,0,0,0,0,0,0
372,0.5,8,0,2.0,0.6,63.0,308,0,0,1,4,1,0,4
373,3.8,31,5,4.4,20.0,162.0,630,2,1,2,11,3,0,7
374,0.0,0,0,0.0,0.1,0.0,0,0,0,0,0,0,0,0
375,0.0,0,0,0.0,0.1,0.0,0,0,0,0,0,0,0,0
376,2.0,20,0,2.9,4.0,119.0,603,1,0,2,10,1,0,7
377,2.5,12,1,2.0,1.8,22.0,474,0,0,1,10,1,0,5
379,2.5,21,4,3.5,0.6,41.0,329,1,1,0,9,0,0,3
380,0.0,0,0,0.0,0.2,0.0,0,0,0,0,0,0,0,0
381,0.0,0,0,0.0,0.0,0.0,0,0,0,0,0,0,0,0
382,0.8,8,0,1.6,1.4,98.0,172,0,0,1,3,0,0,2
383,2.0,8,0,4.0,0.3,13.0,116,1,0,1,1,1,0,1
384,0.0,0,0,0.0,0.1,0.0,0,0,0,0,0,0,0,0
386,2.5,12,0,2.0,0.3,8.0,440,0,0,1,5,1,0,4
387,0.2,1,0,0.5,0.3,0.0,26,0,0,0,2,0,0,0
388,0.0,0,0,0.0,0.0,0.0,0,0,0,0,0,0,0,0
389,0.0,0,0,0.0,0.0,0.0,0,0,0,0,0,0,0,0
390,1.0,6,0,1.2,0.3,34.0,169,0,0,0,4,0,0,2
391,1.2,5,0,1.0,3.6,2.0,375,0,1,0,8,2,0,5
392,1.2,7,0,1.8,0.1,11.0,181,0,0,1,3,0,0,2
394,0.8,5,0,1.2,0.3,17.0,83,0,0,0,1,0,0,1
395,0.8,18,2,3.6,2.8,64.0,322,1,0,1,5,0,0,4
396,3.5,26,0,3.7,27.1,252.0,607,1,2,2,11,1,0,7
397,0.0,3,0,1.0,0.5,12.0,76,0,0,0,1,0,0,0
398,0.0,6,0,3.0,3.8,10.0,180,0,0,1,2,1,0,2
399,0.0,0,0,0.0,0.3,0.0,0,0,0,0,0,0,0,0
400,0.2,1,0,1.0,0.0,6.0,2,0,0,0,0,0,0,0
401,0.5,15,3,3.0,2.8,10.0,340,0,1,1,6,2,0,4
508,1.5,6,0,3.0,0.8,2.0,162,0,0,1,3,1,0,2
597,2.8,22,1,3.1,20.1,0.0,630,0,0,2,11,2,0,7
617,1.8,7,0,1.8,4.9,60.0,266,0,0,1,5,0,0,3
632,0.0,0,0,0.0,0.0,0.0,0,0,0,0,0,0,0,0
669,0.0,0,0,0.0,0.0,0.0,0,0,0,0,0,0,0,0
685,0.0,0,0,0.0,0.0,0.0,0,0,0,0,0,0,0,0
695,0.0,0,0,0.0,0.0,0.0,0,0,0,0,0,0,0,0
703,3.0,12,3,6.0,0.9,2.0,94,0,1,1,2,0,0,1
709,0.7,2,0,1.0,0.2,0.0,91,0,0,0,1,1,0,1
204,0.2,1,0,1.0,0.2,0.0,9,0,0,0,0,0,0,0
402,5.0,26,2,3.7,5.0,98.0,483,2,0,2,5,0,0,6
403,3.2,16,0,2.3,3.6,63.0,307,0,1,3,3,0,0,3
404,0.0,0,0,0.0,0.0,0.0,0,0,0,0,0,0,0,0
405,5.2,30,4,6.0,22.6,39.0,446,1,1,2,3,1,0,5
406,5.0,24,2,3.4,2.4,82.0,614,1,1,3,7,3,0,7
407,6.0,29,0,4.1,5.1,64.0,630,1,0,3,7,1,0,7
408,0.0,0,0,0.0,0.0,0.0,0,0,0,0,0,0,0,0
409,0.0,0,0,0.0,1.0,0.0,0,0,0,0,0,0,0,0
410,0.0,0,0,0.0,0.0,0.0,0,0,0,0,0,0,0,0
411,0.0,0,0,0.0,0.1,0.0,0,0,0,0,0,0,0,0
412,5.8,37,3,5.3,7.4,159.0,541,2,4,4,5,5,0,6
413,0.0,0,0,0.0,0.0,0.0,0,0,0,0,0,0,0,0
414,0.0,0,0,0.0,0.0,0.0,0,0,0,0,0,0,0,0
415,3.2,30,3,5.0,20.3,200.0,386,4,0,2,5,0,0,5
416,0.5,6,0,1.2,0.5,46.0,288,0,0,0,4,1,0,4
417,0.0,0,0,0.0,0.0,0.0,0,0,0,0,0,0,0,0
418,0.0,0,0,0.0,0.0,0.0,0,0,0,0,0,0,0,0
419,1.8,7,0,3.5,0.6,11.0,106,0,0,1,0,0,0,1
420,0.0,0,0,0.0,0.0,0.0,0,0,0,0,0,0,0,0
421,5.2,24,0,3.4,0.5,62.0,358,1,2,3,4,0,0,3
422,0.0,0,0,0.0,0.0,0.0,0,0,0,0,0,0,0,0
423,0.2,5,0,2.5,0.1,2.0,5,0,1,0,0,0,0,0
424,5.0,27,0,3.9,11.6,4.0,630,0,0,3,7,0,0,7
425,0.0,0,0,0.0,0.2,0.0,0,0,0,0,0,0,0,0
426,0.0,0,0,0.0,0.0,0.0,0,0,0,0,0,0,0,0
427,5.0,25,2,3.6,5.2,49.0,630,0,0,3,7,1,0,7
428,0.0,1,0,0.5,0.1,0.0,76,0,0,0,4,1,0,1
429,0.8,13,0,2.2,2.3,50.0,326,1,0,1,3,2,0,4
430,9.8,43,8,6.1,42.1,21.0,609,0,4,3,7,1,0,7
431,0.0,0,0,0.0,0.1,0.0,0,0,0,0,0,0,0,0
432,0.0,0,0,0.0,0.1,0.0,0,0,0,0,0,0,0,0
433,4.2,24,1,4.0,5.4,229.0,255,4,0,2,4,1,0,2
580,0.0,0,0,0.0,0.2,0.0,0,0,0,0,0,0,0,0
581,0.0,0,0,0.0,0.3,0.0,0,0,0,0,0,0,0,0
603,1.2,17,2,2.8,1.6,53.0,183,1,1,1,2,1,0,2
633,0.5,3,0,1.0,0.2,4.0,25,0,0,0,0,0,0,0
634,0.0,0,0,0.0,0.3,0.0,0,0,0,0,0,0,0,0
635,0.0,0,0,0.0,0.0,0.0,0,0,0,0,0,0,0,0
23,0.0,0,0,0.0,0.3,2.0,93,0,0,0,2,2,0,1
28,2.8,18,0,2.6,14.5,0.0,630,0,0,1,10,1,0,7
186,0.0,0,0,0.0,0.1,0.0,0,0,0,0,0,0,0,0
205,3.0,12,3,4.0,0.2,33.0,163,1,0,0,2,0,0,2
378,3.0,18,1,2.6,0.8,116.0,269,1,1,0,2,0,0,2
434,0.0,0,0,0.0,0.0,0.0,0,0,0,0,0,0,0,0
435,0.0,0,0,0.0,0.1,0.0,0,0,0,0,0,0,0,0
436,2.0,19,3,3.2,1.7,20.0,486,0,2,1,9,2,0,6
437,3.2,33,3,4.7,6.1,121.0,487,3,2,1,8,1,0,6
438,0.0,0,0,0.0,0.1,0.0,0,0,0,0,0,0,0,0
439,3.0,21,3,3.5,0.6,121.0,518,1,0,1,9,1,0,6
440,0.0,0,0,0.0,0.0,0.0,0,0,0,0,0,0,0,0
441,0.0,0,0,0.0,0.0,0.0,0,0,0,0,0,0,0,0
442,0.2,7,0,1.8,0.1,12.0,285,0,0,0,6,0,0,4
443,0.0,0,0,0.0,0.2,0.0,0,0,0,0,0,0,0,0
444,0.0,0,0,0.0,0.1,0.0,0,0,0,0,0,0,0,0
445,0.0,0,0,0.0,0.0,0.0,0,0,0,0,0,0,0,0
446,0.0,0,0,0.0,0.0,0.0,0,0,0,0,0,0,0,0
447,1.8,19,1,2.7,1.6,81.0,569,0,2,1,9,2,0,6
448,0.0,0,0,0.0,0.2,0.0,0,0,0,0,0,0,0,0
449,0.0,0,0,0.0,0.1,0.0,0,0,0,0,0,0,0,0
451,0.5,4,0,0.8,0.0,3.0,52,0,0,0,1,1,0,0
452,0.0,0,0,0.0,0.0,0.0,0,0,0,0,0,0,0,0
453,1.8,10,0,1.7,0.0,10.0,478,0,0,1,7,3,0,6
454,0.0,0,0,0.0,0.1,0.0,0,0,0,0,0,0,0,0
455,2.2,12,1,2.4,0.1,17.0,416,0,0,1,6,0,0,5
456,0.0,0,0,0.0,0.0,0.0,0,0,0,0,0,0,0,0
457,-0.2,1,0,0.2,0.0,0.0,179,0,0,0,4,0,1,2
458,0.0,0,0,0.0,0.0,0.0,0,0,0,0,0,0,0,0
459,0.0,0,0,0.0,0.0,0.0,0,0,0,0,0,0,0,0
460,0.0,0,0,0.0,0.1,0.0,0,0,0,0,0,0,0,0
461,0.0,0,0,0.0,0.0,0.0,0,0,0,0,0,0,0,0
462,0.0,0,0,0.0,0.0,0.0,0,0,0,0,0,0,0,0
463,0.0,0,0,0.0,0.0,0.0,0,0,0,0,0,0,0,0
464,0.0,0,0,0.0,0.2,0.0,0,0,0,0,0,0,0,0
465,1.0,4,0,4.0,0.0,0.0,30,0,1,0,0,0,0,0
466,0.0,0,0,0.0,0.6,0.0,0,0,0,0,0,0,0,0
467,0.0,3,0,1.5,0.2,6.0,108,0,0,0,1,0,0,1
468,1.0,13,2,1.9,0.5,31.0,67,1,0,0,0,0,0,0
469,2.8,12,3,2.4,0.1,16.0,425,0,0,1,7,0,1,5
470,0.8,8,0,1.6,0.0,3.0,310,0,0,1,5,1,0,3
604,2.0,8,0,1.6,0.1,5.0,397,0,0,1,8,3,0,5
636,0.0,0,0,0.0,0.0,0.0,0,0,0,0,0,0,0,0
637,0.0,0,0,0.0,0.1,0.0,0,0,0,0,0,0,0,0
679,0.2,1,0,0.3,0.0,4.0,121,0,0,0,1,2,0,1
696,0.5,2,0,2.0,0.0,6.0,90,0,0,0,1,0,0,1
710,0.0,0,0,0.0,0.0,0.0,0,0,0,0,0,0,0,0
711,0.0,0,0,0.0,0.0,0.0,0,0,0,0,0,0,0,0
712,4.0,12,3,6.0,0.0,20.0,169,1,0,0,3,0,0,2
713,1.0,3,0,1.0,0.0,3.0,221,0,0,0,4,2,0,3
714,0.7,2,0,0.7,0.1,6.0,44,0,0,0,0,1,0,0
27,0.2,1,0,0.5,0.8,0.0,15,0,0,0,2,0,0,0
33,4.2,17,3,3.4,7.5,38.0,337,1,1,0,14,2,0,4
360,1.5,7,0,1.8,0.1,48.0,213,0,0,1,9,1,0,3
471,-0.2,2,0,0.3,0.3,68.0,630,0,0,0,19,3,0,7
472,0.0,0,0,0.0,0.3,0.0,0,0,0,0,0,0,0,0
473,0.2,4,0,1.3,7.2,6.0,250,0,0,0,4,1,0,3
474,0.8,7,0,1.0,1.0,14.0,282,0,0,0,6,1,0,2
476,1.8,14,0,3.5,0.1,30.0,227,1,0,1,6,0,0,3
477,0.2,1,0,1.0,0.0,6.0,11,0,0,0,0,0,0,0
478,0.0,0,0,0.0,0.0,0.0,0,0,0,0,0,0,0,0
479,0.0,0,0,0.0,0.2,0.0,0,0,0,0,0,0,0,0
480,-0.5,1,0,0.2,0.1,38.0,482,0,0,0,17,2,0,6
481,0.0,0,0,0.0,0.0,0.0,0,0,0,0,0,0,0,0
482,2.0,17,2,2.4,0.3,0.0,630,0,0,0,19,1,0,7
483,0.0,0,0,0.0,0.0,0.0,0,0,0,0,0,0,0,0
484,0.0,3,0,1.5,0.0,2.0,124,0,0,0,2,0,0,2
485,1.5,7,0,1.8,0.0,98.0,289,0,1,0,7,0,1,3
486,0.0,0,0,0.0,0.0,0.0,0,0,0,0,0,0,0,0
487,0.0,0,0,0.0,0.1,0.0,0,0,0,0,0,0,0,0
488,1.2,10,0,1.7,0.0,24.0,430,0,0,0,13,1,0,5
489,0.0,4,0,1.3,0.0,5.0,192,0,0,0,3,1,0,3
490,0.0,4,0,1.3,0.8,21.0,233,0,0,0,3,2,0,3
576,0.5,6,0,0.9,0.1,27.0,619,0,1,0,19,2,0,7
587,0.2,1,0,0.3,0.0,12.0,45,0,0,0,3,2,0,0
592,0.2,4,0,1.0,0.1,29.0,195,0,0,0,5,0,0,1
593,0.5,8,0,1.6,0.0,29.0,317,0,0,0,9,0,0,3
638,2.0,11,0,1.6,0.0,36.0,517,0,0,0,17,1,0,6
653,0.0,0,0,0.0,0.1,0.0,0,0,0,0,0,0,0,0
654,0.0,0,0,0.0,0.0,0.0,0,0,0,0,0,0,0,0
655,0.0,2,0,1.0,0.0,2.0,19,0,0,0,1,0,0,0
656,0.0,2,0,1.0,0.1,0.0,11,0,0,0,1,0,0,0
663,4.0,24,2,4.0,0.3,78.0,493,2,0,1,13,1,0,6
666,0.5,2,0,0.7,0.0,8.0,57,0,0,0,5,1,0,0
693,0.2,1,0,0.2,0.1,49.0,292,0,0,0,12,0,0,3
450,0.8,9,0,1.8,0.3,76.0,310,0,0,0,7,0,0,4
491,0.0,0,0,0.0,0.2,0.0,0,0,0,0,0,0,0,0
492,0.0,0,0,0.0,0.0,0.0,0,0,0,0,0,0,0,0
493,1.2,12,0,1.7,0.6,95.0,612,0,0,2,8,4,0,7
494,0.0,0,0,0.0,0.0,0.0,0,0,0,0,0,0,0,0
495,0.2,6,0,2.0,0.5,10.0,35,0,1,0,0,0,0,0
496,0.0,0,0,0.0,0.6,0.0,0,0,0,0,0,0,0,0
497,0.5,11,1,2.8,1.1,11.0,97,1,0,0,3,0,0,1
498,0.0,0,0,0.0,2.5,0.0,0,0,0,0,0,0,0,0
499,0.8,5,0,0.8,0.3,4.0,80,0,0,0,1,1,0,0
500,0.0,0,0,0.0,0.7,0.0,0,0,0,0,0,0,0,0
501,3.8,28,3,4.0,1.7,244.0,622,2,0,2,7,1,0,7
502,0.0,0,0,0.0,0.6,0.0,0,0,0,0,0,0,0,0
503,0.0,1,0,1.0,0.0,4.0,16,0,0,0,0,0,0,0
504,4.8,41,5,5.9,31.2,230.0,593,2,4,2,7,2,0,7
505,0.0,0,0,0.0,0.3,0.0,0,0,0,0,0,0,0,0
506,3.5,26,3,4.3,6.1,34.0,537,0,2,2,6,1,0,6
507,1.0,6,0,1.2,1.2,27.0,98,0,1,0,1,2,0,0
509,3.8,20,0,2.9,1.5,190.0,347,1,2,1,4,2,0,4
510,0.0,0,0,0.0,0.1,0.0,0,0,0,0,0,0,0,0
511,2.0,28,1,4.0,15.6,63.0,553,2,0,2,6,2,0,7
512,0.0,0,0,0.0,0.1,4.0,76,0,0,0,2,1,0,0
513,1.5,21,2,3.0,3.3,175.0,466,1,1,1,5,2,0,6
514,0.0,0,0,0.0,0.0,0.0,0,0,0,0,0,0,0,0
515,0.5,4,0,1.0,0.1,6.0,102,0,0,0,3,1,0,1
516,10.8,51,5,7.3,23.2,256.0,550,6,0,2,7,0,0,7
517,0.0,0,0,0.0,0.3,0.0,0,0,0,0,0,0,0,0
518,0.0,0,0,0.0,0.5,0.0,0,0,0,0,0,0,0,0
519,2.0,26,4,3.7,18.2,69.0,592,0,2,2,8,3,0,7
520,2.5,29,3,4.1,5.7,0.0,630,0,0,2,8,1,0,7
521,0.0,0,0,0.0,0.2,0.0,0,0,0,0,0,0,0,0
583,3.2,14,2,2.8,0.2,61.0,196,0,2,0,2,1,0,2
639,1.2,19,1,2.7,1.3,10.0,630,0,0,2,8,1,0,7
640,0.0,0,0,0.0,0.2,0.0,0,0,0,0,0,0,0,0
641,0.0,0,0,0.0,0.1,0.0,1,0,0,0,0,1,0,0
702,0.0,0,0,0.0,0.1,0.0,0,0,0,0,0,0,0,0
722,0.0,0,0,0.0,0.0,0.0,0,0,0,0,0,0,0,0
522,2.7,17,0,2.8,0.8,65.0,516,1,0,1,9,0,1,6
523,3.0,28,4,4.0,4.5,89.0,519,2,1,4,4,1,0,7
524,4.0,32,2,4.6,32.5,0.0,630,0,0,1,10,0,0,7
525,0.7,13,0,2.2,0.6,107.0,319,0,1,1,5,0,0,3
526,6.0,48,6,6.9,15.1,319.0,630,5,1,1,10,1,0,7
527,0.0,1,0,1.0,0.1,0.0,1,0,0,0,0,0,0,0
528,6.7,28,3,4.0,1.0,6.0,626,0,3,1,10,0,0,7
529,0.0,0,0,0.0,0.1,0.0,0,0,0,0,0,0,0,0
530,0.0,0,0,0.0,0.4,0.0,0,0,0,0,0,0,0,0
531,0.0,0,0,0.0,0.0,0.0,0,0,0,0,0,0,0,0
532,3.3,18,2,2.6,0.7,32.0,630,0,1,1,10,3,0,7
533,0.0,0,0,0.0,1.7,0.0,0,0,0,0,0,0,0,0
534,0.7,7,0,1.2,0.1,47.0,141,0,0,0,3,0,0,1
535,0.7,5,0,1.0,0.8,9.0,33,0,0,0,2,0,0,0
536,0.0,0,0,0.0,0.1,0.0,0,0,0,0,0,0,0,0
537,0.3,2,0,0.7,0.1,0.0,18,0,0,0,1,1,0,0
538,0.0,0,0,0.0,6.7,0.0,0,0,0,0,0,0,0,0
539,2.3,22,1,3.1,1.9,73.0,620,1,1,2,9,3,0,7
541,0.0,0,0,0.0,0.0,0.0,0,0,0,0,0,0,0,0
542,3.7,21,2,3.5,0.7,110.0,467,1,1,1,7,1,0,6
543,0.0,0,0,0.0,0.1,0.0,0,0,0,0,0,0,0,0
544,2.7,25,4,3.6,2.2,40.0,630,1,0,1,10,1,0,7
577,0.0,3,0,1.5,0.1,0.0,111,0,0,0,1,0,0,1
642,1.3,8,0,1.3,0.1,14.0,410,0,0,1,6,4,0,5
647,0.0,0,0,0.0,0.1,0.0,0,0,0,0,0,0,0,0
664,4.3,35,4,5.8,13.5,107.0,530,2,3,1,9,1,0,6
676,0.3,1,0,1.0,0.0,0.0,1,0,0,0,0,0,0,0
689,1.0,4,0,1.0,0.3,6.0,58,0,0,0,4,0,0,0
351,0.5,2,0,1.0,0.0,0.0,14,0,0,0,2,0,0,0
545,1.2,7,0,1.0,0.3,16.0,470,0,0,0,9,2,0,6
546,0.0,0,0,0.0,0.4,0.0,0,0,0,0,0,0,0,0
547,0.0,0,0,0.0,0.6,0.0,0,0,0,0,0,0,0,0
548,0.0,8,0,1.3,0.1,16.0,140,0,0,1,3,0,0,1
549,0.0,0,0,0.0,0.0,0.0,0,0,0,0,0,0,0,0
550,0.0,0,0,0.0,0.0,0.0,0,0,0,0,0,0,0,0
551,1.5,12,0,1.7,0.3,70.0,610,0,0,1,13,2,0,7
552,0.8,7,0,1.2,0.2,93.0,246,0,0,1,7,1,0,3
554,0.0,0,0,0.0,0.0,0.0,0,0,0,0,0,0,0,0
555,0.0,0,0,0.0,0.1,0.0,0,0,0,0,0,0,0,0
556,0.0,0,0,0.0,0.1,0.0,0,0,0,0,0,0,0,0
557,5.2,28,2,4.0,0.3,114.0,326,4,0,0,5,2,0,4
559,2.2,14,0,2.0,0.1,24.0,556,0,1,1,12,3,0,7
560,0.2,1,0,1.0,0.1,0.0,4,0,0,0,0,0,0,0
561,0.0,0,0,0.0,0.2,0.0,0,0,0,0,0,0,0,0
562,0.2,8,1,2.7,0.1,35.0,16,1,0,0,1,0,0,0
563,1.5,15,2,2.1,0.7,58.0,630,0,0,1,13,1,0,7
564,0.0,0,0,0.0,0.8,0.0,0,0,0,0,0,0,0,0
565,1.5,11,0,1.6,0.0,82.0,617,0,0,1,11,4,0,7
567,7.0,38,5,5.4,4.6,146.0,630,1,5,1,13,2,0,7
568,0.0,0,0,0.0,0.1,0.0,0,0,0,0,0,0,0,0
569,3.0,26,4,3.7,1.5,0.0,630,0,0,1,13,1,0,7
570,0.2,9,0,2.2,0.1,44.0,172,0,1,1,1,0,0,2
571,0.0,0,0,0.0,0.4,0.0,0,0,0,0,0,0,0,0
572,1.0,11,0,1.6,0.4,13.0,623,0,0,1,13,3,0,7
573,0.8,5,0,1.2,0.1,0.0,159,0,0,0,2,0,0,1
574,1.0,4,0,1.0,0.5,2.0,70,0,0,0,4,0,0,0
590,3.8,21,0,3.0,0.6,129.0,555,1,1,1,11,0,0,7
598,0.5,2,0,0.7,0.2,9.0,91,0,0,0,3,0,0,0
697,0.0,0,0,0.0,0.0,0.0,0,0,0,0,0,0,0,0
698,0.0,0,0,0.0,0.0,0.0,0,0,0,0,0,0,0,0
704,0.0,0,0,0.0,0.1,0.0,0,0,0,0,0,0,0,0
715,0.0,0,0,0.0,0.0,9.0,114,0,0,0,2,0,1,2
